Tarih,Saat,Durum,Kisi
2025-12-11,16:38:29,SUPHELI,Bilinmeyen
2025-12-11,16:38:30,SUPHELI,Bilinmeyen
2025-12-11,16:38:33,SUPHELI,Bilinmeyen
2025-12-11,16:38:34,SUPHELI,Bilinmeyen
2025-12-11,16:38:36,SUPHELI,Bilinmeyen
2025-12-11,16:38:37,YETKILI,ferhad
2025-12-11,16:38:39,YETKILI,ferhad
2025-12-11,16:38:40,SUPHELI,Bilinmeyen
2025-12-11,16:38:41,SUPHELI,Bilinmeyen
2025-12-11,16:38:42,SUPHELI,Bilinmeyen
2025-12-11,16:38:44,SUPHELI,Bilinmeyen
2025-12-11,16:38:45,SUPHELI,Bilinmeyen
2025-12-11,16:38:46,YETKILI,ferhad
2025-12-11,16:38:47,SUPHELI,Bilinmeyen
2025-12-17,14:35:47,SUPHELI,Bilinmeyen,supheli_2025-12-17_14-35-47.jpg
2025-12-17,14:35:48,SUPHELI,Bilinmeyen,supheli_2025-12-17_14-35-48.jpg
2025-12-17,14:35:50,YETKILI,ferhad,-
2025-12-17,14:35:51,YETKILI,ferhad,-
2025-12-17,14:35:52,SUPHELI,Bilinmeyen,supheli_2025-12-17_14-35-52.jpg
2025-12-17,14:35:54,YETKILI,ferhad,-
2025-12-17,14:35:59,SUPHELI,Bilinmeyen,supheli_2025-12-17_14-35-59.jpg
2025-12-17,14:36:00,SUPHELI,Bilinmeyen,supheli_2025-12-17_14-36-00.jpg
2025-12-17,14:36:01,YETKILI,ferhad,-
2025-12-17,14:36:03,SUPHELI,Bilinmeyen,supheli_2025-12-17_14-36-03.jpg
2025-12-17,14:36:04,SUPHELI,Bilinmeyen,supheli_2025-12-17_14-36-04.jpg
2025-12-17,14:36:05,SUPHELI,Bilinmeyen,supheli_2025-12-17_14-36-05.jpg
2025-12-17,14:36:06,SUPHELI,Bilinmeyen,supheli_2025-12-17_14-36-06.jpg
2025-12-23,17:04:24,SUPHELI,Bilinmeyen,supheli_2025-12-23_17-04-24.jpg
2025-12-23,17:04:26,YETKILI,ferhad,-
2025-12-23,17:04:27,YETKILI,ferhad,-
2025-12-23,17:04:28,SUPHELI,Bilinmeyen,supheli_2025-12-23_17-04-28.jpg
2025-12-23,17:04:31,SUPHELI,Bilinmeyen,supheli_2025-12-23_17-04-31.jpg
2025-12-23,17:04:32,SUPHELI,Bilinmeyen,supheli_2025-12-23_17-04-32.jpg
2025-12-23,17:04:33,YETKILI,ferhad,-
2025-12-23,17:04:34,SUPHELI,Bilinmeyen,supheli_2025-12-23_17-04-34.jpg
2025-12-23,17:04:36,SUPHELI,Bilinmeyen,supheli_2025-12-23_17-04-36.jpg
2025-12-23,17:04:37,YETKILI,ferhad,-
2025-12-23,17:04:40,SUPHELI,Bilinmeyen,supheli_2025-12-23_17-04-40.jpg
2025-12-23,17:04:42,SUPHELI,Bilinmeyen,supheli_2025-12-23_17-04-42.jpg
2025-12-23,17:04:43,SUPHELI,Bilinmeyen,supheli_2025-12-23_17-04-43.jpg
2025-12-23,17:04:44,SUPHELI,Bilinmeyen,supheli_2025-12-23_17-04-44.jpg
2025-12-23,17:04:48,YETKILI,ferhad,-
2025-12-23,17:04:50,YETKILI,ferhad,-
2025-12-23,17:04:51,YETKILI,ferhad,-
2025-12-23,17:04:52,YETKILI,ferhad,-
2025-12-23,17:04:54,SUPHELI,Bilinmeyen,supheli_2025-12-23_17-04-54.jpg
2025-12-23,17:59:22,SUPHELI,Bilinmeyen,supheli_2025-12-23_17-59-22.jpg
2025-12-23,17:59:23,YETKILI,ferhad,-
2025-12-23,17:59:27,YETKILI,ferhad,-
2025-12-23,17:59:30,YETKILI,ferhad,-
2025-12-23,17:59:31,SUPHELI,Bilinmeyen,supheli_2025-12-23_17-59-31.jpg
2025-12-23,17:59:32,SUPHELI,Bilinmeyen,supheli_2025-12-23_17-59-32.jpg
2025-12-23,17:59:34,SUPHELI,Bilinmeyen,supheli_2025-12-23_17-59-34.jpg
2025-12-23,17:59:35,SUPHELI,Bilinmeyen,supheli_2025-12-23_17-59-35.jpg
2025-12-23,17:59:36,SUPHELI,Bilinmeyen,supheli_2025-12-23_17-59-36.jpg
2025-12-23,17:59:38,SUPHELI,Bilinmeyen,supheli_2025-12-23_17-59-38.jpg
2025-12-23,17:59:39,SUPHELI,Bilinmeyen,supheli_2025-12-23_17-59-39.jpg
2025-12-23,17:59:40,SUPHELI,Bilinmeyen,supheli_2025-12-23_17-59-40.jpg
2025-12-23,17:59:41,SUPHELI,Bilinmeyen,supheli_2025-12-23_17-59-41.jpg
2025-12-23,17:59:42,SUPHELI,Bilinmeyen,supheli_2025-12-23_17-59-42.jpg
2025-12-23,17:59:44,SUPHELI,Bilinmeyen,supheli_2025-12-23_17-59-44.jpg
2025-12-23,17:59:45,SUPHELI,Bilinmeyen,supheli_2025-12-23_17-59-45.jpg
2025-12-23,17:59:46,YETKILI,ferhad,-
2025-12-23,17:59:47,YETKILI,ferhad,-
2025-12-23,17:59:48,YETKILI,ferhad,-
2025-12-23,17:59:50,SUPHELI,Bilinmeyen,supheli_2025-12-23_17-59-50.jpg
2025-12-23,17:59:51,SUPHELI,Bilinmeyen,supheli_2025-12-23_17-59-51.jpg
2025-12-23,18:15:09,YETKILI,ferhad,-
2025-12-23,18:15:11,YETKILI,ferhad,-
2025-12-23,18:15:12,SUPHELI,Bilinmeyen,supheli_2025-12-23_18-15-12.jpg
2025-12-23,18:15:13,YETKILI,ferhad,-
2025-12-23,18:15:18,YETKILI,ferhad,-
2025-12-23,18:15:20,YETKILI,ferhad,-
2025-12-23,18:15:21,YETKILI,ferhad,-
2025-12-23,18:15:22,YETKILI,ferhad,-
2025-12-23,18:15:23,YETKILI,ferhad,-
2025-12-23,18:15:25,SUPHELI,Bilinmeyen,supheli_2025-12-23_18-15-25.jpg
2025-12-23,18:15:26,SUPHELI,Bilinmeyen,supheli_2025-12-23_18-15-26.jpg
2025-12-23,18:15:27,SUPHELI,Bilinmeyen,supheli_2025-12-23_18-15-27.jpg
2025-12-23,18:15:28,SUPHELI,Bilinmeyen,supheli_2025-12-23_18-15-28.jpg
2025-12-23,18:15:30,SUPHELI,Bilinmeyen,supheli_2025-12-23_18-15-30.jpg
2025-12-23,18:15:31,SUPHELI,Bilinmeyen,supheli_2025-12-23_18-15-31.jpg
2025-12-23,18:15:32,SUPHELI,Bilinmeyen,supheli_2025-12-23_18-15-32.jpg
2025-12-23,18:15:34,SUPHELI,Bilinmeyen,supheli_2025-12-23_18-15-34.jpg
2025-12-23,18:15:35,SUPHELI,Bilinmeyen,supheli_2025-12-23_18-15-35.jpg
2025-12-23,18:15:36,YETKILI,ferhad,-
2025-12-23,18:15:40,YETKILI,ferhad,-
2025-12-23,18:15:41,SUPHELI,Bilinmeyen,supheli_2025-12-23_18-15-41.jpg
